-- phpMyAdmin SQL Dump
-- version 4.6.6
-- https://www.phpmyadmin.net/
--
-- Host: localhost:3306
-- Generation Time: Jun 22, 2017 at 01:37 AM
-- Server version: 5.6.35
-- PHP Version: 5.6.30

SET SQL_MODE = "NO_AUTO_VALUE_ON_ZERO";
SET time_zone = "+00:00";


/*!40101 SET @OLD_CHARACTER_SET_CLIENT=@@CHARACTER_SET_CLIENT */;
/*!40101 SET @OLD_CHARACTER_SET_RESULTS=@@CHARACTER_SET_RESULTS */;
/*!40101 SET @OLD_COLLATION_CONNECTION=@@COLLATION_CONNECTION */;
/*!40101 SET NAMES utf8mb4 */;

--
-- Database: `canarit`
--

-- --------------------------------------------------------

--
-- Table structure for table `houses`
--

CREATE TABLE `houses` (
  `family_id` int(11) NOT NULL,
  `family_name` varchar(50) NOT NULL,
  `num_of_people` int(11) NOT NULL,
  `street` varchar(50) NOT NULL,
  `house_number` int(11) NOT NULL,
  `end_user_id` int(11) NOT NULL,
  `unit_id` int(11) NOT NULL,
  `is_at_risk` tinyint(1) NOT NULL,
  `is_alaram` tinyint(1) NOT NULL
) ENGINE=InnoDB DEFAULT CHARSET=latin1;

--
-- Dumping data for table `houses`
--

INSERT INTO `houses` (`family_id`, `family_name`, `num_of_people`, `street`, `house_number`, `end_user_id`, `unit_id`, `is_at_risk`, `is_alaram`) VALUES
(1, 'cohen', 6, 'yehuda halevi, Tel aviv', 14, 4, 1, 1, 0),
(2, 'levi', 4, 'dov hoz, Tel aviv', 39, 5, 2, 0, 0);

-- --------------------------------------------------------

--
-- Table structure for table `hubs`
--

CREATE TABLE `hubs` (
  `hub_id` int(11) NOT NULL,
  `units_id` int(11) NOT NULL
) ENGINE=InnoDB DEFAULT CHARSET=latin1;

--
-- Dumping data for table `hubs`
--

INSERT INTO `hubs` (`hub_id`, `units_id`) VALUES
(1, 1),
(1, 2);

-- --------------------------------------------------------

--
-- Table structure for table `permissions`
--

CREATE TABLE `permissions` (
  `user_type` int(11) NOT NULL,
  `add_data` int(11) NOT NULL,
  `update_data` int(11) NOT NULL,
  `read_data` int(11) NOT NULL,
  `remove_data` int(11) NOT NULL
) ENGINE=InnoDB DEFAULT CHARSET=latin1;

--
-- Dumping data for table `permissions`
--

INSERT INTO `permissions` (`user_type`, `add_data`, `update_data`, `read_data`, `remove_data`) VALUES
(21, 1, 2, 4, 8),
(22, 1, 2, 4, 0),
(23, 0, 0, 4, 0),
(24, 0, 2, 4, 0);

-- --------------------------------------------------------

--
-- Table structure for table `sensor_data`
--

CREATE TABLE `sensor_data` (
  `id` int(11) NOT NULL,
  `unit_id` int(11) NOT NULL,
  `sensor_type` int(11) NOT NULL,
  `sensor_value` float NOT NULL,
  `time_stamp` datetime NOT NULL DEFAULT CURRENT_TIMESTAMP
) ENGINE=InnoDB DEFAULT CHARSET=latin1;

--
-- Dumping data for table `sensor_data`
--

INSERT INTO `sensor_data` (`id`, `unit_id`, `sensor_type`, `sensor_value`, `time_stamp`) VALUES
(1463, 1, 1, 6, '2017-06-02 09:19:56'),
(1464, 1, 2, 437, '2017-06-02 09:19:56'),
(1465, 1, 3, 553, '2017-06-02 09:19:56'),
(1466, 1, 4, 1, '2017-06-02 09:19:56'),
(1467, 1, 5, 24.1, '2017-06-02 09:19:56'),
(1468, 2, 1, 19, '2017-06-02 09:19:56'),
(1469, 2, 2, 599, '2017-06-02 09:19:56'),
(1470, 2, 3, 646, '2017-06-02 09:19:56'),
(1471, 2, 4, 1, '2017-06-02 09:19:56'),
(1472, 2, 5, 24.1, '2017-06-02 09:19:56'),
(1473, 1, 1, 7, '2017-06-02 09:24:56'),
(1474, 1, 2, 404, '2017-06-02 09:24:56'),
(1475, 1, 3, 524, '2017-06-02 09:24:56'),
(1476, 1, 4, 1, '2017-06-02 09:24:56'),
(1477, 1, 5, 24.3, '2017-06-02 09:24:56'),
(1478, 2, 1, 20, '2017-06-02 09:24:56'),
(1479, 2, 2, 562, '2017-06-02 09:24:56'),
(1480, 2, 3, 609, '2017-06-02 09:24:56'),
(1481, 2, 4, 1, '2017-06-02 09:24:56'),
(1482, 2, 5, 24.4, '2017-06-02 09:24:56'),
(1483, 1, 1, 6, '2017-06-02 09:29:56'),
(1484, 1, 2, 394, '2017-06-02 09:29:56'),
(1485, 1, 3, 518, '2017-06-02 09:29:56'),
(1486, 1, 4, 0, '2017-06-02 09:29:56'),
(1487, 1, 5, 24.3, '2017-06-02 09:29:56'),
(1488, 2, 1, 19, '2017-06-02 09:29:56'),
(1489, 2, 2, 541, '2017-06-02 09:29:56'),
(1490, 2, 3, 598, '2017-06-02 09:29:56'),
(1491, 2, 4, 1, '2017-06-02 09:29:56'),
(1492, 2, 5, 24.5, '2017-06-02 09:29:56'),
(1493, 1, 1, 7, '2017-06-02 09:34:56'),
(1494, 1, 2, 388, '2017-06-02 09:34:56'),
(1495, 1, 3, 516, '2017-06-02 09:34:56'),
(1496, 1, 4, 0, '2017-06-02 09:34:56'),
(1497, 1, 5, 24.5, '2017-06-02 09:34:56'),
(1498, 2, 1, 18, '2017-06-02 09:34:56'),
(1499, 2, 2, 524, '2017-06-02 09:34:56'),
(1500, 2, 3, 592, '2017-06-02 09:34:56'),
(1501, 2, 4, 0, '2017-06-02 09:34:56'),
(1502, 2, 5, 24.7, '2017-06-02 09:34:56'),
(1503, 1, 1, 6, '2017-06-02 09:39:56'),
(1504, 1, 2, 376, '2017-06-02 09:39:56'),
(1505, 1, 3, 503, '2017-06-02 09:39:56'),
(1506, 1, 4, 0, '2017-06-02 09:39:56'),
(1507, 1, 5, 24.6, '2017-06-02 09:39:56'),
(1508, 2, 1, 17, '2017-06-02 09:39:56'),
(1509, 2, 2, 507, '2017-06-02 09:39:56'),
(1510, 2, 3, 582, '2017-06-02 09:39:56'),
(1511, 2, 4, 1, '2017-06-02 09:39:56'),
(1512, 2, 5, 24.9, '2017-06-02 09:39:56'),
(1513, 1, 1, 7, '2017-06-02 09:44:56'),
(1514, 1, 2, 367, '2017-06-02 09:44:56'),
(1515, 1, 3, 494, '2017-06-02 09:44:56'),
(1516, 1, 4, 0, '2017-06-02 09:44:56'),
(1517, 1, 5, 24.7, '2017-06-02 09:44:56'),
(1518, 2, 1, 17, '2017-06-02 09:44:56'),
(1519, 2, 2, 496, '2017-06-02 09:44:56'),
(1520, 2, 3, 575, '2017-06-02 09:44:56'),
(1521, 2, 4, 1, '2017-06-02 09:44:56'),
(1522, 2, 5, 24.9, '2017-06-02 09:44:56'),
(1523, 1, 1, 7, '2017-06-02 09:49:56'),
(1524, 1, 2, 367, '2017-06-02 09:49:56'),
(1525, 1, 3, 498, '2017-06-02 09:49:56'),
(1526, 1, 4, 1, '2017-06-02 09:49:56'),
(1527, 1, 5, 24.7, '2017-06-02 09:49:56'),
(1528, 2, 1, 16, '2017-06-02 09:49:56'),
(1529, 2, 2, 486, '2017-06-02 09:49:56'),
(1530, 2, 3, 572, '2017-06-02 09:49:56'),
(1531, 2, 4, 0, '2017-06-02 09:49:56'),
(1532, 2, 5, 24.9, '2017-06-02 09:49:56'),
(1533, 1, 1, 6, '2017-06-02 09:54:56'),
(1534, 1, 2, 362, '2017-06-02 09:54:56'),
(1535, 1, 3, 494, '2017-06-02 09:54:56'),
(1536, 1, 4, 1, '2017-06-02 09:54:56'),
(1537, 1, 5, 24.7, '2017-06-02 09:54:56'),
(1538, 2, 1, 17, '2017-06-02 09:54:56'),
(1539, 2, 2, 485, '2017-06-02 09:54:56'),
(1540, 2, 3, 570, '2017-06-02 09:54:56'),
(1541, 2, 4, 0, '2017-06-02 09:54:56'),
(1542, 2, 5, 24.9, '2017-06-02 09:54:56'),
(1543, 1, 1, 6, '2017-06-02 09:59:56'),
(1544, 1, 2, 363, '2017-06-02 09:59:56'),
(1545, 1, 3, 497, '2017-06-02 09:59:56'),
(1546, 1, 4, 1, '2017-06-02 09:59:56'),
(1547, 1, 5, 24.7, '2017-06-02 09:59:56'),
(1548, 2, 1, 17, '2017-06-02 09:59:56'),
(1549, 2, 2, 486, '2017-06-02 09:59:56'),
(1550, 2, 3, 572, '2017-06-02 09:59:56'),
(1551, 2, 4, 1, '2017-06-02 09:59:56'),
(1552, 2, 5, 24.9, '2017-06-02 09:59:56'),
(1553, 1, 1, 6, '2017-06-02 10:04:55'),
(1554, 1, 2, 352, '2017-06-02 10:04:55'),
(1555, 1, 3, 487, '2017-06-02 10:04:55'),
(1556, 1, 4, 1, '2017-06-02 10:04:55'),
(1557, 1, 5, 24.8, '2017-06-02 10:04:55'),
(1558, 2, 1, 17, '2017-06-02 10:04:55'),
(1559, 2, 2, 476, '2017-06-02 10:04:55'),
(1560, 2, 3, 565, '2017-06-02 10:04:55'),
(1561, 2, 4, 1, '2017-06-02 10:04:55'),
(1562, 2, 5, 25, '2017-06-02 10:04:55'),
(1563, 1, 1, 7, '2017-06-02 10:09:56'),
(1564, 1, 2, 346, '2017-06-02 10:09:56'),
(1565, 1, 3, 482, '2017-06-02 10:09:56'),
(1566, 1, 4, 1, '2017-06-02 10:09:56'),
(1567, 1, 5, 24.8, '2017-06-02 10:09:56'),
(1568, 2, 1, 15, '2017-06-02 10:09:56'),
(1569, 2, 2, 469, '2017-06-02 10:09:56'),
(1570, 2, 3, 558, '2017-06-02 10:09:56'),
(1571, 2, 4, 1, '2017-06-02 10:09:56'),
(1572, 2, 5, 25, '2017-06-02 10:09:56'),
(1573, 1, 1, 5, '2017-06-02 10:14:56'),
(1574, 1, 2, 342, '2017-06-02 10:14:56'),
(1575, 1, 3, 485, '2017-06-02 10:14:56'),
(1576, 1, 4, 1, '2017-06-02 10:14:56'),
(1577, 1, 5, 24.8, '2017-06-02 10:14:56'),
(1578, 2, 1, 17, '2017-06-02 10:14:56'),
(1579, 2, 2, 464, '2017-06-02 10:14:56'),
(1580, 2, 3, 553, '2017-06-02 10:14:56'),
(1581, 2, 4, 1, '2017-06-02 10:14:56'),
(1582, 2, 5, 24.9, '2017-06-02 10:14:56'),
(1583, 1, 1, 6, '2017-06-02 10:19:56'),
(1584, 1, 2, 392, '2017-06-02 10:19:56'),
(1585, 1, 3, 541, '2017-06-02 10:19:56'),
(1586, 1, 4, 1, '2017-06-02 10:19:56'),
(1587, 1, 5, 24.8, '2017-06-02 10:19:56'),
(1588, 2, 1, 15, '2017-06-02 10:19:56'),
(1589, 2, 2, 507, '2017-06-02 10:19:56'),
(1590, 2, 3, 608, '2017-06-02 10:19:56'),
(1591, 2, 4, 1, '2017-06-02 10:19:56'),
(1592, 2, 5, 24.9, '2017-06-02 10:19:56'),
(1593, 1, 1, 58, '2017-06-02 10:56:44'),
(1594, 1, 2, 740, '2017-06-02 10:56:44'),
(1595, 1, 3, 798, '2017-06-02 10:56:44'),
(1596, 1, 4, 0, '2017-06-02 10:56:44'),
(1597, 1, 5, 24.7, '2017-06-02 10:56:44'),
(1598, 2, 1, 57, '2017-06-02 10:56:44'),
(1599, 2, 2, 736, '2017-06-02 10:56:44'),
(1600, 2, 3, 794, '2017-06-02 10:56:44'),
(1601, 2, 4, 1, '2017-06-02 10:56:44'),
(1602, 2, 5, 24.7, '2017-06-02 10:56:44'),
(1603, 1, 1, 60, '2017-06-02 11:05:56'),
(1604, 1, 2, 582, '2017-06-02 11:05:56'),
(1605, 1, 3, 661, '2017-06-02 11:05:56'),
(1606, 1, 4, 1, '2017-06-02 11:05:56'),
(1607, 1, 5, 25, '2017-06-02 11:05:56'),
(1608, 2, 1, 59, '2017-06-02 11:05:56'),
(1609, 2, 2, 582, '2017-06-02 11:05:56'),
(1610, 2, 3, 662, '2017-06-02 11:05:56'),
(1611, 2, 4, 1, '2017-06-02 11:05:56'),
(1612, 2, 5, 25.4, '2017-06-02 11:05:56'),
(1613, 1, 1, 29, '2017-06-02 11:07:08'),
(1614, 1, 2, 600, '2017-06-02 11:07:08'),
(1615, 1, 3, 705, '2017-06-02 11:07:08'),
(1616, 1, 4, 1, '2017-06-02 11:07:08'),
(1617, 1, 5, 25, '2017-06-02 11:07:08'),
(1618, 2, 1, 62, '2017-06-02 11:07:08'),
(1619, 2, 2, 596, '2017-06-02 11:07:08'),
(1620, 2, 3, 663, '2017-06-02 11:07:08'),
(1621, 2, 4, 1, '2017-06-02 11:07:08'),
(1622, 2, 5, 25.4, '2017-06-02 11:07:08'),
(1623, 1, 1, 30, '2017-06-02 11:08:50'),
(1624, 1, 2, 642, '2017-06-02 11:08:50'),
(1625, 1, 3, 749, '2017-06-02 11:08:50'),
(1626, 1, 4, 1, '2017-06-02 11:08:50'),
(1627, 1, 5, 25.4, '2017-06-02 11:08:50'),
(1628, 2, 1, 58, '2017-06-02 11:08:50'),
(1629, 2, 2, 617, '2017-06-02 11:08:50'),
(1630, 2, 3, 672, '2017-06-02 11:08:50'),
(1631, 2, 4, 0, '2017-06-02 11:08:50'),
(1632, 2, 5, 25.4, '2017-06-02 11:08:50'),
(1633, 1, 1, 28, '2017-06-02 11:09:34'),
(1634, 1, 2, 644, '2017-06-02 11:09:34'),
(1635, 1, 3, 742, '2017-06-02 11:09:34'),
(1636, 1, 4, 1, '2017-06-02 11:09:34'),
(1637, 1, 5, 25.4, '2017-06-02 11:09:34'),
(1638, 2, 1, 62, '2017-06-02 11:09:34'),
(1639, 2, 2, 612, '2017-06-02 11:09:34'),
(1640, 2, 3, 671, '2017-06-02 11:09:34'),
(1641, 2, 4, 0, '2017-06-02 11:09:34'),
(1642, 2, 5, 25.5, '2017-06-02 11:09:34'),
(1643, 1, 1, 61, '2017-06-02 11:10:55'),
(1644, 1, 2, 638, '2017-06-02 11:10:55'),
(1645, 1, 3, 684, '2017-06-02 11:10:55'),
(1646, 1, 4, 1, '2017-06-02 11:10:55'),
(1647, 1, 5, 25.5, '2017-06-02 11:10:55'),
(1648, 2, 1, 59, '2017-06-02 11:10:55'),
(1649, 2, 2, 639, '2017-06-02 11:10:55'),
(1650, 2, 3, 684, '2017-06-02 11:10:55'),
(1651, 2, 4, 1, '2017-06-02 11:10:55'),
(1652, 2, 5, 25.5, '2017-06-02 11:10:55'),
(1653, 1, 1, 69, '2017-06-02 11:12:28'),
(1654, 1, 2, 693, '2017-06-02 11:12:28'),
(1655, 1, 3, 761, '2017-06-02 11:12:28'),
(1656, 1, 4, 1, '2017-06-02 11:12:28'),
(1657, 1, 5, 25.4, '2017-06-02 11:12:28'),
(1658, 2, 1, 58, '2017-06-02 11:12:28'),
(1659, 2, 2, 738, '2017-06-02 11:12:28'),
(1660, 2, 3, 744, '2017-06-02 11:12:28'),
(1661, 2, 4, 1, '2017-06-02 11:12:28'),
(1662, 2, 5, 25.6, '2017-06-02 11:12:28'),
(1663, 1, 1, 70, '2017-06-02 11:12:54'),
(1664, 1, 2, 693, '2017-06-02 11:12:54'),
(1665, 1, 3, 759, '2017-06-02 11:12:54'),
(1666, 1, 4, 1, '2017-06-02 11:12:54'),
(1667, 1, 5, 25.4, '2017-06-02 11:12:54'),
(1668, 2, 1, 60, '2017-06-02 11:12:54'),
(1669, 2, 2, 736, '2017-06-02 11:12:54'),
(1670, 2, 3, 749, '2017-06-02 11:12:54'),
(1671, 2, 4, 1, '2017-06-02 11:12:54'),
(1672, 2, 5, 25.6, '2017-06-02 11:12:54'),
(1673, 1, 1, 59, '2017-06-02 11:16:58'),
(1674, 1, 2, 706, '2017-06-02 11:16:58'),
(1675, 1, 3, 745, '2017-06-02 11:16:58'),
(1676, 1, 4, 1, '2017-06-02 11:16:58'),
(1677, 1, 5, 25.7, '2017-06-02 11:16:58'),
(1678, 2, 1, 62, '2017-06-02 11:16:58'),
(1679, 2, 2, 704, '2017-06-02 11:16:58'),
(1680, 2, 3, 745, '2017-06-02 11:16:58'),
(1681, 2, 4, 1, '2017-06-02 11:16:58'),
(1682, 2, 5, 25.8, '2017-06-02 11:16:58'),
(1683, 1, 1, 77, '2017-06-02 11:18:14'),
(1684, 1, 2, 612, '2017-06-02 11:18:14'),
(1685, 1, 3, 713, '2017-06-02 11:18:14'),
(1686, 1, 4, 1, '2017-06-02 11:18:14'),
(1687, 1, 5, 25.5, '2017-06-02 11:18:14'),
(1688, 2, 1, 61, '2017-06-02 11:18:14'),
(1689, 2, 2, 689, '2017-06-02 11:18:14'),
(1690, 2, 3, 732, '2017-06-02 11:18:14'),
(1691, 2, 4, 1, '2017-06-02 11:18:14'),
(1692, 2, 5, 25.8, '2017-06-02 11:18:14'),
(1693, 1, 1, 16, '2017-06-02 12:29:55'),
(1694, 1, 2, 406, '2017-06-02 12:29:55'),
(1695, 1, 3, 537, '2017-06-02 12:29:55'),
(1696, 1, 4, 1, '2017-06-02 12:29:55'),
(1697, 1, 5, 25.8, '2017-06-02 12:29:55'),
(1698, 2, 1, 44, '2017-06-02 12:29:55'),
(1699, 2, 2, 521, '2017-06-02 12:29:55'),
(1700, 2, 3, 619, '2017-06-02 12:29:55'),
(1701, 2, 4, 1, '2017-06-02 12:29:55'),
(1702, 2, 5, 25.8, '2017-06-02 12:29:55'),
(1703, 1, 1, 16, '2017-06-02 12:34:57'),
(1704, 1, 2, 384, '2017-06-02 12:34:57'),
(1705, 1, 3, 514, '2017-06-02 12:34:57'),
(1706, 1, 4, 1, '2017-06-02 12:34:57'),
(1707, 1, 5, 24.1, '2017-06-02 12:34:57'),
(1708, 2, 1, 42, '2017-06-02 12:34:57'),
(1709, 2, 2, 492, '2017-06-02 12:34:57'),
(1710, 2, 3, 597, '2017-06-02 12:34:57'),
(1711, 2, 4, 0, '2017-06-02 12:34:57'),
(1712, 2, 5, 25.7, '2017-06-02 12:34:57'),
(1713, 1, 1, 17, '2017-06-02 12:39:56'),
(1714, 1, 2, 354, '2017-06-02 12:39:56'),
(1715, 1, 3, 489, '2017-06-02 12:39:56'),
(1716, 1, 4, 1, '2017-06-02 12:39:56'),
(1717, 1, 5, 23.9, '2017-06-02 12:39:56'),
(1718, 2, 1, 43, '2017-06-02 12:39:56'),
(1719, 2, 2, 484, '2017-06-02 12:39:56'),
(1720, 2, 3, 590, '2017-06-02 12:39:56'),
(1721, 2, 4, 1, '2017-06-02 12:39:56'),
(1722, 2, 5, 25.7, '2017-06-02 12:39:56'),
(1723, 1, 1, 17, '2017-06-02 12:54:56'),
(1724, 1, 2, 346, '2017-06-02 12:54:56'),
(1725, 1, 3, 487, '2017-06-02 12:54:56'),
(1726, 1, 4, 0, '2017-06-02 12:54:56'),
(1727, 1, 5, 24.2, '2017-06-02 12:54:56'),
(1728, 2, 1, 42, '2017-06-02 12:54:56'),
(1729, 2, 2, 482, '2017-06-02 12:54:56'),
(1730, 2, 3, 583, '2017-06-02 12:54:56'),
(1731, 2, 4, 1, '2017-06-02 12:54:56'),
(1732, 2, 5, 25.8, '2017-06-02 12:54:56'),
(1733, 1, 1, 17, '2017-06-02 12:59:56'),
(1734, 1, 2, 332, '2017-06-02 12:59:56'),
(1735, 1, 3, 477, '2017-06-02 12:59:56'),
(1736, 1, 4, 0, '2017-06-02 12:59:56'),
(1737, 1, 5, 24.4, '2017-06-02 12:59:56'),
(1738, 2, 1, 44, '2017-06-02 12:59:56'),
(1739, 2, 2, 477, '2017-06-02 12:59:56'),
(1740, 2, 3, 581, '2017-06-02 12:59:56'),
(1741, 2, 4, 1, '2017-06-02 12:59:56'),
(1742, 2, 5, 26.1, '2017-06-02 12:59:56'),
(1743, 1, 1, 17, '2017-06-02 13:04:56'),
(1744, 1, 2, 319, '2017-06-02 13:04:56'),
(1745, 1, 3, 467, '2017-06-02 13:04:56'),
(1746, 1, 4, 1, '2017-06-02 13:04:56'),
(1747, 1, 5, 24.5, '2017-06-02 13:04:56'),
(1748, 2, 1, 44, '2017-06-02 13:04:56'),
(1749, 2, 2, 470, '2017-06-02 13:04:56'),
(1750, 2, 3, 574, '2017-06-02 13:04:56'),
(1751, 2, 4, 1, '2017-06-02 13:04:56'),
(1752, 2, 5, 26.3, '2017-06-02 13:04:56'),
(1753, 1, 1, 15, '2017-06-02 13:09:56'),
(1754, 1, 2, 335, '2017-06-02 13:09:56'),
(1755, 1, 3, 482, '2017-06-02 13:09:56'),
(1756, 1, 4, 1, '2017-06-02 13:09:56'),
(1757, 1, 5, 24.5, '2017-06-02 13:09:56'),
(1758, 2, 1, 44, '2017-06-02 13:09:56'),
(1759, 2, 2, 472, '2017-06-02 13:09:56'),
(1760, 2, 3, 574, '2017-06-02 13:09:56'),
(1761, 2, 4, 1, '2017-06-02 13:09:56'),
(1762, 2, 5, 26.2, '2017-06-02 13:09:56'),
(1763, 1, 1, 18, '2017-06-02 13:14:56'),
(1764, 1, 2, 315, '2017-06-02 13:14:56'),
(1765, 1, 3, 466, '2017-06-02 13:14:56'),
(1766, 1, 4, 0, '2017-06-02 13:14:56'),
(1767, 1, 5, 24.3, '2017-06-02 13:14:56'),
(1768, 2, 1, 44, '2017-06-02 13:14:56'),
(1769, 2, 2, 464, '2017-06-02 13:14:56'),
(1770, 2, 3, 568, '2017-06-02 13:14:56'),
(1771, 2, 4, 0, '2017-06-02 13:14:56'),
(1772, 2, 5, 26.2, '2017-06-02 13:14:56'),
(1773, 1, 1, 16, '2017-06-02 13:19:56'),
(1774, 1, 2, 331, '2017-06-02 13:19:56'),
(1775, 1, 3, 480, '2017-06-02 13:19:56'),
(1776, 1, 4, 0, '2017-06-02 13:19:56'),
(1777, 1, 5, 24.7, '2017-06-02 13:19:56'),
(1778, 2, 1, 43, '2017-06-02 13:19:56'),
(1779, 2, 2, 468, '2017-06-02 13:19:56'),
(1780, 2, 3, 570, '2017-06-02 13:19:56'),
(1781, 2, 4, 1, '2017-06-02 13:19:56'),
(1782, 2, 5, 26.2, '2017-06-02 13:19:56'),
(1783, 1, 1, 18, '2017-06-02 13:24:56'),
(1784, 1, 2, 315, '2017-06-02 13:24:56'),
(1785, 1, 3, 466, '2017-06-02 13:24:56'),
(1786, 1, 4, 0, '2017-06-02 13:24:56'),
(1787, 1, 5, 24.3, '2017-06-02 13:24:56'),
(1788, 2, 1, 45, '2017-06-02 13:24:56'),
(1789, 2, 2, 469, '2017-06-02 13:24:56'),
(1790, 2, 3, 569, '2017-06-02 13:24:56'),
(1791, 2, 4, 1, '2017-06-02 13:24:56'),
(1792, 2, 5, 26.1, '2017-06-02 13:24:56'),
(1793, 1, 1, 18, '2017-06-02 13:29:56'),
(1794, 1, 2, 311, '2017-06-02 13:29:56'),
(1795, 1, 3, 463, '2017-06-02 13:29:56'),
(1796, 1, 4, 0, '2017-06-02 13:29:56'),
(1797, 1, 5, 24.4, '2017-06-02 13:29:56'),
(1798, 2, 1, 45, '2017-06-02 13:29:56'),
(1799, 2, 2, 466, '2017-06-02 13:29:56'),
(1800, 2, 3, 566, '2017-06-02 13:29:56'),
(1801, 2, 4, 1, '2017-06-02 13:29:56'),
(1802, 2, 5, 26.1, '2017-06-02 13:29:56'),
(1803, 1, 1, 17, '2017-06-02 13:34:56'),
(1804, 1, 2, 312, '2017-06-02 13:34:56'),
(1805, 1, 3, 467, '2017-06-02 13:34:56'),
(1806, 1, 4, 1, '2017-06-02 13:34:56'),
(1807, 1, 5, 24.6, '2017-06-02 13:34:56'),
(1808, 2, 1, 43, '2017-06-02 13:34:56'),
(1809, 2, 2, 464, '2017-06-02 13:34:56'),
(1810, 2, 3, 564, '2017-06-02 13:34:56'),
(1811, 2, 4, 0, '2017-06-02 13:34:56'),
(1812, 2, 5, 26.2, '2017-06-02 13:34:56'),
(1813, 1, 1, 18, '2017-06-02 13:39:57'),
(1814, 1, 2, 323, '2017-06-02 13:39:57'),
(1815, 1, 3, 478, '2017-06-02 13:39:57'),
(1816, 1, 4, 1, '2017-06-02 13:39:57'),
(1817, 1, 5, 24.8, '2017-06-02 13:39:57'),
(1818, 2, 1, 43, '2017-06-02 13:39:57'),
(1819, 2, 2, 471, '2017-06-02 13:39:57'),
(1820, 2, 3, 570, '2017-06-02 13:39:57'),
(1821, 2, 4, 0, '2017-06-02 13:39:57'),
(1822, 2, 5, 26.3, '2017-06-02 13:39:57'),
(1823, 1, 1, 18, '2017-06-02 13:44:56'),
(1824, 1, 2, 303, '2017-06-02 13:44:56'),
(1825, 1, 3, 459, '2017-06-02 13:44:56'),
(1826, 1, 4, 1, '2017-06-02 13:44:56'),
(1827, 1, 5, 24.6, '2017-06-02 13:44:56'),
(1828, 2, 1, 45, '2017-06-02 13:44:56'),
(1829, 2, 2, 465, '2017-06-02 13:44:56'),
(1830, 2, 3, 563, '2017-06-02 13:44:56'),
(1831, 2, 4, 1, '2017-06-02 13:44:56'),
(1832, 2, 5, 26.2, '2017-06-02 13:44:56'),
(1833, 1, 1, 17, '2017-06-02 13:49:56'),
(1834, 1, 2, 301, '2017-06-02 13:49:56'),
(1835, 1, 3, 457, '2017-06-02 13:49:56'),
(1836, 1, 4, 1, '2017-06-02 13:49:56'),
(1837, 1, 5, 24.9, '2017-06-02 13:49:56'),
(1838, 2, 1, 46, '2017-06-02 13:49:56'),
(1839, 2, 2, 463, '2017-06-02 13:49:56'),
(1840, 2, 3, 560, '2017-06-02 13:49:56'),
(1841, 2, 4, 1, '2017-06-02 13:49:56'),
(1842, 2, 5, 26.3, '2017-06-02 13:49:56'),
(1843, 1, 1, 18, '2017-06-02 13:54:56'),
(1844, 1, 2, 309, '2017-06-02 13:54:56'),
(1845, 1, 3, 465, '2017-06-02 13:54:56'),
(1846, 1, 4, 1, '2017-06-02 13:54:56'),
(1847, 1, 5, 24.8, '2017-06-02 13:54:56'),
(1848, 2, 1, 46, '2017-06-02 13:54:56'),
(1849, 2, 2, 463, '2017-06-02 13:54:56'),
(1850, 2, 3, 560, '2017-06-02 13:54:56'),
(1851, 2, 4, 1, '2017-06-02 13:54:56'),
(1852, 2, 5, 26.2, '2017-06-02 13:54:56'),
(1853, 1, 1, 16, '2017-06-02 14:01:24'),
(1854, 1, 2, 988, '2017-06-02 14:01:24'),
(1855, 1, 3, 471, '2017-06-02 14:01:24'),
(1856, 1, 4, 1, '2017-06-02 14:01:24'),
(1857, 1, 5, 24.8, '2017-06-02 14:01:24'),
(1858, 2, 1, 45, '2017-06-02 14:01:24'),
(1859, 2, 2, 462, '2017-06-02 14:01:24'),
(1860, 2, 3, 560, '2017-06-02 14:01:24'),
(1861, 2, 4, 1, '2017-06-02 14:01:24'),
(1862, 2, 5, 26.2, '2017-06-02 14:01:24'),
(1863, 1, 1, 14, '2017-06-02 14:40:42'),
(1864, 1, 2, 405, '2017-06-02 14:40:42'),
(1865, 1, 3, 482, '2017-06-02 14:40:42'),
(1866, 1, 4, 1, '2017-06-02 14:40:42'),
(1867, 1, 5, 24.7, '2017-06-02 14:40:42'),
(1868, 2, 1, 41, '2017-06-02 14:40:42'),
(1869, 2, 2, 492, '2017-06-02 14:40:42'),
(1870, 2, 3, 585, '2017-06-02 14:40:42'),
(1871, 2, 4, 1, '2017-06-02 14:40:42'),
(1872, 2, 5, 26.2, '2017-06-02 14:40:42'),
(1873, 1, 1, 15, '2017-06-02 14:44:12'),
(1874, 1, 2, 397, '2017-06-02 14:44:12'),
(1875, 1, 3, 483, '2017-06-02 14:44:12'),
(1876, 1, 4, 1, '2017-06-02 14:44:12'),
(1877, 1, 5, 24.9, '2017-06-02 14:44:12'),
(1878, 2, 1, 41, '2017-06-02 14:44:12'),
(1879, 2, 2, 492, '2017-06-02 14:44:12'),
(1880, 2, 3, 587, '2017-06-02 14:44:12'),
(1881, 2, 4, 1, '2017-06-02 14:44:12'),
(1882, 2, 5, 26.4, '2017-06-02 14:44:12'),
(1883, 1, 1, 16, '2017-06-02 14:45:55'),
(1884, 1, 2, 377, '2017-06-02 14:45:55'),
(1885, 1, 3, 472, '2017-06-02 14:45:55'),
(1886, 1, 4, 1, '2017-06-02 14:45:55'),
(1887, 1, 5, 24.7, '2017-06-02 14:45:55'),
(1888, 2, 1, 43, '2017-06-02 14:45:55'),
(1889, 2, 2, 489, '2017-06-02 14:45:55'),
(1890, 2, 3, 583, '2017-06-02 14:45:55'),
(1891, 2, 4, 1, '2017-06-02 14:45:55'),
(1892, 2, 5, 26.4, '2017-06-02 14:45:55'),
(1893, 1, 1, 14, '2017-06-02 14:47:20'),
(1894, 1, 2, 380, '2017-06-02 14:47:20'),
(1895, 1, 3, 472, '2017-06-02 14:47:20'),
(1896, 1, 4, 1, '2017-06-02 14:47:20'),
(1897, 1, 5, 24.8, '2017-06-02 14:47:20'),
(1898, 2, 1, 43, '2017-06-02 14:47:20'),
(1899, 2, 2, 492, '2017-06-02 14:47:20'),
(1900, 2, 3, 582, '2017-06-02 14:47:20'),
(1901, 2, 4, 1, '2017-06-02 14:47:20'),
(1902, 2, 5, 26.4, '2017-06-02 14:47:20'),
(1903, 1, 1, 15, '2017-06-02 14:53:23'),
(1904, 1, 2, 362, '2017-06-02 14:53:23'),
(1905, 1, 3, 473, '2017-06-02 14:53:23'),
(1906, 1, 4, 0, '2017-06-02 14:53:23'),
(1907, 1, 5, 24.8, '2017-06-02 14:53:23'),
(1908, 2, 1, 40, '2017-06-02 14:53:23'),
(1909, 2, 2, 480, '2017-06-02 14:53:23'),
(1910, 2, 3, 576, '2017-06-02 14:53:23'),
(1911, 2, 4, 1, '2017-06-02 14:53:23'),
(1912, 2, 5, 26.3, '2017-06-02 14:53:23'),
(1913, 1, 1, 15, '2017-06-02 14:57:22'),
(1914, 1, 2, 360, '2017-06-02 14:57:22'),
(1915, 1, 3, 474, '2017-06-02 14:57:22'),
(1916, 1, 4, 1, '2017-06-02 14:57:22'),
(1917, 1, 5, 25, '2017-06-02 14:57:22'),
(1918, 2, 1, 42, '2017-06-02 14:57:22'),
(1919, 2, 2, 485, '2017-06-02 14:57:22'),
(1920, 2, 3, 581, '2017-06-02 14:57:22'),
(1921, 2, 4, 1, '2017-06-02 14:57:22'),
(1922, 2, 5, 26.3, '2017-06-02 14:57:22'),
(1923, 1, 1, 14, '2017-06-02 14:59:26'),
(1924, 1, 2, 350, '2017-06-02 14:59:26'),
(1925, 1, 3, 469, '2017-06-02 14:59:26'),
(1926, 1, 4, 1, '2017-06-02 14:59:26'),
(1927, 1, 5, 24.8, '2017-06-02 14:59:26'),
(1928, 2, 1, 39, '2017-06-02 14:59:26'),
(1929, 2, 2, 483, '2017-06-02 14:59:26'),
(1930, 2, 3, 578, '2017-06-02 14:59:26'),
(1931, 2, 4, 0, '2017-06-02 14:59:26'),
(1932, 2, 5, 26.3, '2017-06-02 14:59:26'),
(1933, 1, 1, 16, '2017-06-02 15:00:10'),
(1934, 1, 2, 349, '2017-06-02 15:00:10'),
(1935, 1, 3, 469, '2017-06-02 15:00:10'),
(1936, 1, 4, 1, '2017-06-02 15:00:10'),
(1937, 1, 5, 25, '2017-06-02 15:00:10'),
(1938, 2, 1, 39, '2017-06-02 15:00:10'),
(1939, 2, 2, 482, '2017-06-02 15:00:10'),
(1940, 2, 3, 578, '2017-06-02 15:00:10'),
(1941, 2, 4, 1, '2017-06-02 15:00:10'),
(1942, 2, 5, 26.3, '2017-06-02 15:00:10'),
(1943, 1, 1, 15, '2017-06-02 15:02:18'),
(1944, 1, 2, 349, '2017-06-02 15:02:18'),
(1945, 1, 3, 471, '2017-06-02 15:02:18'),
(1946, 1, 4, 1, '2017-06-02 15:02:18'),
(1947, 1, 5, 25, '2017-06-02 15:02:18'),
(1948, 2, 1, 39, '2017-06-02 15:02:18'),
(1949, 2, 2, 483, '2017-06-02 15:02:18'),
(1950, 2, 3, 578, '2017-06-02 15:02:18'),
(1951, 2, 4, 1, '2017-06-02 15:02:18'),
(1952, 2, 5, 26.3, '2017-06-02 15:02:18'),
(1953, 1, 1, 15, '2017-06-02 15:15:20'),
(1954, 1, 2, 337, '2017-06-02 15:15:20'),
(1955, 1, 3, 477, '2017-06-02 15:15:20'),
(1956, 1, 4, 1, '2017-06-02 15:15:20'),
(1957, 1, 5, 24.9, '2017-06-02 15:15:20'),
(1958, 2, 1, 41, '2017-06-02 15:15:20'),
(1959, 2, 2, 491, '2017-06-02 15:15:20'),
(1960, 2, 3, 587, '2017-06-02 15:15:20'),
(1961, 2, 4, 0, '2017-06-02 15:15:20'),
(1962, 2, 5, 26.2, '2017-06-02 15:15:20'),
(1963, 1, 1, 14, '2017-06-02 15:15:28'),
(1964, 1, 2, 337, '2017-06-02 15:15:28'),
(1965, 1, 3, 477, '2017-06-02 15:15:28'),
(1966, 1, 4, 0, '2017-06-02 15:15:28'),
(1967, 1, 5, 24.8, '2017-06-02 15:15:28'),
(1968, 2, 1, 41, '2017-06-02 15:15:28'),
(1969, 2, 2, 490, '2017-06-02 15:15:28'),
(1970, 2, 3, 586, '2017-06-02 15:15:28'),
(1971, 2, 4, 1, '2017-06-02 15:15:28'),
(1972, 2, 5, 26.4, '2017-06-02 15:15:28'),
(1973, 1, 1, 15, '2017-06-02 15:16:04'),
(1974, 1, 2, 336, '2017-06-02 15:16:04'),
(1975, 1, 3, 476, '2017-06-02 15:16:04'),
(1976, 1, 4, 1, '2017-06-02 15:16:04'),
(1977, 1, 5, 24.9, '2017-06-02 15:16:04'),
(1978, 2, 1, 41, '2017-06-02 15:16:04'),
(1979, 2, 2, 487, '2017-06-02 15:16:04'),
(1980, 2, 3, 585, '2017-06-02 15:16:04'),
(1981, 2, 4, 1, '2017-06-02 15:16:04'),
(1982, 2, 5, 26.4, '2017-06-02 15:16:04'),
(1983, 1, 1, 15, '2017-06-02 15:17:02'),
(1984, 1, 2, 341, '2017-06-02 15:17:02'),
(1985, 1, 3, 478, '2017-06-02 15:17:02'),
(1986, 1, 4, 1, '2017-06-02 15:17:02'),
(1987, 1, 5, 24.9, '2017-06-02 15:17:02'),
(1988, 2, 1, 41, '2017-06-02 15:17:02'),
(1989, 2, 2, 489, '2017-06-02 15:17:02'),
(1990, 2, 3, 585, '2017-06-02 15:17:02'),
(1991, 2, 4, 1, '2017-06-02 15:17:02'),
(1992, 2, 5, 26.4, '2017-06-02 15:17:02'),
(1993, 1, 1, 15, '2017-06-02 15:17:10'),
(1994, 1, 2, 340, '2017-06-02 15:17:10'),
(1995, 1, 3, 478, '2017-06-02 15:17:10'),
(1996, 1, 4, 0, '2017-06-02 15:17:10'),
(1997, 1, 5, 24.9, '2017-06-02 15:17:10'),
(1998, 2, 1, 41, '2017-06-02 15:17:10'),
(1999, 2, 2, 489, '2017-06-02 15:17:10'),
(2000, 2, 3, 585, '2017-06-02 15:17:10'),
(2001, 2, 4, 1, '2017-06-02 15:17:10'),
(2002, 2, 5, 26.4, '2017-06-02 15:17:10'),
(2003, 1, 1, 15, '2017-06-02 15:23:04'),
(2004, 1, 2, 337, '2017-06-02 15:23:04'),
(2005, 1, 3, 480, '2017-06-02 15:23:04'),
(2006, 1, 4, 1, '2017-06-02 15:23:04'),
(2007, 1, 5, 24.9, '2017-06-02 15:23:04'),
(2008, 2, 1, 38, '2017-06-02 15:23:04'),
(2009, 2, 2, 494, '2017-06-02 15:23:04'),
(2010, 2, 3, 590, '2017-06-02 15:23:04'),
(2011, 2, 4, 1, '2017-06-02 15:23:04'),
(2012, 2, 5, 26.4, '2017-06-02 15:23:04'),
(2013, 1, 1, 15, '2017-06-02 15:24:36'),
(2014, 1, 2, 335, '2017-06-02 15:24:36'),
(2015, 1, 3, 484, '2017-06-02 15:24:36'),
(2016, 1, 4, 0, '2017-06-02 15:24:36'),
(2017, 1, 5, 24.8, '2017-06-02 15:24:36'),
(2018, 2, 1, 39, '2017-06-02 15:24:36'),
(2019, 2, 2, 500, '2017-06-02 15:24:36'),
(2020, 2, 3, 594, '2017-06-02 15:24:36'),
(2021, 2, 4, 1, '2017-06-02 15:24:36'),
(2022, 2, 5, 26.4, '2017-06-02 15:24:36'),
(2023, 1, 1, 13, '2017-06-02 15:26:38'),
(2024, 1, 2, 339, '2017-06-02 15:26:38'),
(2025, 1, 3, 485, '2017-06-02 15:26:38'),
(2026, 1, 4, 1, '2017-06-02 15:26:38'),
(2027, 1, 5, 25, '2017-06-02 15:26:38'),
(2028, 2, 1, 39, '2017-06-02 15:26:38'),
(2029, 2, 2, 498, '2017-06-02 15:26:38'),
(2030, 2, 3, 594, '2017-06-02 15:26:38'),
(2031, 2, 4, 0, '2017-06-02 15:26:38'),
(2032, 2, 5, 26.3, '2017-06-02 15:26:38'),
(2033, 1, 1, 15, '2017-06-02 15:41:44'),
(2034, 1, 2, 327, '2017-06-02 15:41:44'),
(2035, 1, 3, 489, '2017-06-02 15:41:44'),
(2036, 1, 4, 1, '2017-06-02 15:41:44'),
(2037, 1, 5, 25, '2017-06-02 15:41:44'),
(2038, 2, 1, 38, '2017-06-02 15:41:44'),
(2039, 2, 2, 503, '2017-06-02 15:41:44'),
(2040, 2, 3, 598, '2017-06-02 15:41:44'),
(2041, 2, 4, 0, '2017-06-02 15:41:44'),
(2042, 2, 5, 26.4, '2017-06-02 15:41:44'),
(2043, 1, 1, 13, '2017-06-02 15:46:51'),
(2044, 1, 2, 329, '2017-06-02 15:46:51'),
(2045, 1, 3, 486, '2017-06-02 15:46:51'),
(2046, 1, 4, 1, '2017-06-02 15:46:51'),
(2047, 1, 5, 25, '2017-06-02 15:46:52'),
(2048, 2, 1, 36, '2017-06-02 15:46:52'),
(2049, 2, 2, 502, '2017-06-02 15:46:52'),
(2050, 2, 3, 597, '2017-06-02 15:46:52'),
(2051, 2, 4, 0, '2017-06-02 15:46:52'),
(2052, 2, 5, 26.4, '2017-06-02 15:46:52'),
(2053, 1, 1, 14, '2017-06-02 15:47:41'),
(2054, 1, 2, 328, '2017-06-02 15:47:41'),
(2055, 1, 3, 488, '2017-06-02 15:47:41'),
(2056, 1, 4, 1, '2017-06-02 15:47:41'),
(2057, 1, 5, 25.1, '2017-06-02 15:47:41'),
(2058, 2, 1, 38, '2017-06-02 15:47:41'),
(2059, 2, 2, 502, '2017-06-02 15:47:41'),
(2060, 2, 3, 598, '2017-06-02 15:47:41'),
(2061, 2, 4, 1, '2017-06-02 15:47:41'),
(2062, 2, 5, 26.4, '2017-06-02 15:47:41'),
(2063, 1, 1, 15, '2017-06-02 15:51:18'),
(2064, 1, 2, 327, '2017-06-02 15:51:18'),
(2065, 1, 3, 488, '2017-06-02 15:51:18'),
(2066, 1, 4, 1, '2017-06-02 15:51:18'),
(2067, 1, 5, 25.1, '2017-06-02 15:51:18'),
(2068, 2, 1, 37, '2017-06-02 15:51:18'),
(2069, 2, 2, 503, '2017-06-02 15:51:18'),
(2070, 2, 3, 598, '2017-06-02 15:51:18'),
(2071, 2, 4, 1, '2017-06-02 15:51:18'),
(2072, 2, 5, 26.4, '2017-06-02 15:51:18'),
(2073, 1, 1, 21, '2017-06-02 15:52:49'),
(2074, 1, 2, 343, '2017-06-02 15:52:49'),
(2075, 1, 3, 496, '2017-06-02 15:52:49'),
(2076, 1, 4, 0, '2017-06-02 15:52:49'),
(2077, 1, 5, 25, '2017-06-02 15:52:49'),
(2078, 2, 1, 37, '2017-06-02 15:52:49'),
(2079, 2, 2, 503, '2017-06-02 15:52:49'),
(2080, 2, 3, 598, '2017-06-02 15:52:49'),
(2081, 2, 4, 1, '2017-06-02 15:52:49'),
(2082, 2, 5, 26.4, '2017-06-02 15:52:49'),
(2083, 1, 1, 15, '2017-06-02 18:05:36'),
(2084, 1, 2, 327, '2017-06-02 18:05:36'),
(2085, 1, 3, 800, '2017-06-02 18:05:36'),
(2086, 1, 4, 1, '2017-06-02 18:05:36'),
(2087, 1, 5, 25.1, '2017-06-02 18:05:36'),
(2088, 2, 1, 37, '2017-06-02 18:05:36'),
(2089, 2, 2, 503, '2017-06-02 18:05:36'),
(2090, 2, 3, 598, '2017-06-02 18:05:36'),
(2091, 2, 4, 1, '2017-06-02 18:05:36'),
(2092, 2, 5, 26.4, '2017-06-02 18:05:36'),
(2103, 1, 1, 5, '2017-06-04 07:21:59'),
(2104, 1, 2, 779, '2017-06-04 07:21:59'),
(2105, 1, 3, 743, '2017-06-04 07:21:59'),
(2106, 1, 4, 1, '2017-06-04 07:21:59'),
(2107, 1, 5, 23.5, '2017-06-04 07:21:59'),
(2108, 2, 1, 57, '2017-06-04 07:21:59'),
(2109, 2, 2, 878, '2017-06-04 07:21:59'),
(2110, 2, 3, 959, '2017-06-04 07:22:01'),
(2111, 2, 4, 1, '2017-06-04 07:22:02'),
(2112, 2, 5, 23.2, '2017-06-04 07:22:02'),
(2113, 1, 1, 3, '2017-06-04 07:26:00'),
(2114, 1, 2, 663, '2017-06-04 07:26:00'),
(2115, 1, 3, 600, '2017-06-04 07:26:00'),
(2116, 1, 4, 0, '2017-06-04 07:26:00'),
(2117, 1, 5, 23.1, '2017-06-04 07:26:00'),
(2118, 2, 1, 61, '2017-06-04 07:26:00'),
(2119, 2, 2, 814, '2017-06-04 07:26:00'),
(2120, 2, 3, 937, '2017-06-04 07:26:03'),
(2121, 2, 4, 0, '2017-06-04 07:26:04'),
(2122, 2, 5, 23.3, '2017-06-04 07:26:04'),
(2123, 1, 1, 4, '2017-06-04 07:28:01'),
(2124, 1, 2, 638, '2017-06-04 07:28:01'),
(2125, 1, 3, 584, '2017-06-04 07:28:01'),
(2126, 1, 4, 1, '2017-06-04 07:28:01'),
(2127, 1, 5, 22.9, '2017-06-04 07:28:01'),
(2128, 2, 1, 66, '2017-06-04 07:28:01'),
(2129, 2, 2, 798, '2017-06-04 07:28:01'),
(2130, 2, 3, 931, '2017-06-04 07:28:01'),
(2131, 2, 4, 1, '2017-06-04 07:28:03'),
(2132, 2, 5, 23.4, '2017-06-04 07:28:03'),
(2133, 1, 1, 3, '2017-06-04 07:30:00'),
(2134, 1, 2, 617, '2017-06-04 07:30:00'),
(2135, 1, 3, 569, '2017-06-04 07:30:00'),
(2136, 1, 4, 1, '2017-06-04 07:30:00'),
(2137, 1, 5, 23, '2017-06-04 07:30:00'),
(2138, 2, 1, 76, '2017-06-04 07:30:00'),
(2139, 2, 2, 788, '2017-06-04 07:30:00'),
(2140, 2, 3, 924, '2017-06-04 07:30:00'),
(2141, 2, 4, 1, '2017-06-04 07:30:02'),
(2142, 2, 5, 23.6, '2017-06-04 07:30:02'),
(2143, 1, 1, 4, '2017-06-04 07:32:01'),
(2144, 1, 2, 598, '2017-06-04 07:32:01'),
(2145, 1, 3, 558, '2017-06-04 07:32:01'),
(2146, 1, 4, 0, '2017-06-04 07:32:01'),
(2147, 1, 5, 23.2, '2017-06-04 07:32:01'),
(2148, 2, 1, 83, '2017-06-04 07:32:01'),
(2149, 2, 2, 784, '2017-06-04 07:32:01'),
(2150, 2, 3, 917, '2017-06-04 07:32:01'),
(2151, 2, 4, 1, '2017-06-04 07:32:02'),
(2152, 2, 5, 23.7, '2017-06-04 07:32:02'),
(2153, 1, 1, 4, '2017-06-04 07:34:01'),
(2154, 1, 2, 583, '2017-06-04 07:34:01'),
(2155, 1, 3, 549, '2017-06-04 07:34:01'),
(2156, 1, 4, 1, '2017-06-04 07:34:01'),
(2157, 1, 5, 23.3, '2017-06-04 07:34:01'),
(2158, 2, 1, 85, '2017-06-04 07:34:01'),
(2159, 2, 2, 776, '2017-06-04 07:34:01'),
(2160, 2, 3, 913, '2017-06-04 07:34:01'),
(2161, 2, 4, 0, '2017-06-04 07:34:03'),
(2162, 2, 5, 23.9, '2017-06-04 07:34:03'),
(2163, 1, 1, 3, '2017-06-04 07:36:01'),
(2164, 1, 2, 570, '2017-06-04 07:36:01'),
(2165, 1, 3, 542, '2017-06-04 07:36:01'),
(2166, 1, 4, 1, '2017-06-04 07:36:01'),
(2167, 1, 5, 23.3, '2017-06-04 07:36:01'),
(2168, 2, 1, 86, '2017-06-04 07:36:01'),
(2169, 2, 2, 771, '2017-06-04 07:36:01'),
(2170, 2, 3, 909, '2017-06-04 07:36:01'),
(2171, 2, 4, 1, '2017-06-04 07:36:04'),
(2172, 2, 5, 23.9, '2017-06-04 07:36:04'),
(2173, 1, 1, 4, '2017-06-04 07:38:01'),
(2174, 1, 2, 558, '2017-06-04 07:38:01'),
(2175, 1, 3, 535, '2017-06-04 07:38:01'),
(2176, 1, 4, 0, '2017-06-04 07:38:01'),
(2177, 1, 5, 23.4, '2017-06-04 07:38:01'),
(2178, 2, 1, 99, '2017-06-04 07:38:01'),
(2179, 2, 2, 774, '2017-06-04 07:38:01'),
(2180, 2, 3, 915, '2017-06-04 07:38:01'),
(2181, 2, 4, 1, '2017-06-04 07:38:02'),
(2182, 2, 5, 24, '2017-06-04 07:38:02'),
(2183, 1, 1, 4, '2017-06-04 07:42:23'),
(2184, 1, 2, 533, '2017-06-04 07:42:23'),
(2185, 1, 3, 519, '2017-06-04 07:42:23'),
(2186, 1, 4, 1, '2017-06-04 07:42:23'),
(2187, 1, 5, 23.4, '2017-06-04 07:42:23'),
(2188, 2, 1, 104, '2017-06-04 07:42:23'),
(2189, 2, 2, 763, '2017-06-04 07:42:23'),
(2190, 2, 3, 836, '2017-06-04 07:42:23'),
(2191, 2, 4, 1, '2017-06-04 07:42:24'),
(2192, 2, 5, 24.1, '2017-06-04 07:42:24'),
(2193, 1, 1, 3, '2017-06-04 07:44:00'),
(2194, 1, 2, 521, '2017-06-04 07:44:00'),
(2195, 1, 3, 511, '2017-06-04 07:44:00'),
(2196, 1, 4, 1, '2017-06-04 07:44:00'),
(2197, 1, 5, 23.5, '2017-06-04 07:44:00'),
(2198, 2, 1, 99, '2017-06-04 07:44:00'),
(2199, 2, 2, 756, '2017-06-04 07:44:00'),
(2200, 2, 3, 815, '2017-06-04 07:44:00'),
(2201, 2, 4, 1, '2017-06-04 07:44:02'),
(2202, 2, 5, 24.1, '2017-06-04 07:44:02'),
(2203, 1, 1, 4, '2017-06-04 07:46:01'),
(2204, 1, 2, 512, '2017-06-04 07:46:01'),
(2205, 1, 3, 506, '2017-06-04 07:46:01'),
(2206, 1, 4, 1, '2017-06-04 07:46:01'),
(2207, 1, 5, 23.5, '2017-06-04 07:46:01'),
(2208, 2, 1, 108, '2017-06-04 07:46:01'),
(2209, 2, 2, 750, '2017-06-04 07:46:01'),
(2210, 2, 3, 797, '2017-06-04 07:46:01'),
(2211, 2, 4, 1, '2017-06-04 07:46:01'),
(2212, 2, 5, 24.2, '2017-06-04 07:46:01'),
(2213, 1, 1, 3, '2017-06-04 07:48:00'),
(2214, 1, 2, 505, '2017-06-04 07:48:00'),
(2215, 1, 3, 502, '2017-06-04 07:48:00'),
(2216, 1, 4, 0, '2017-06-04 07:48:00'),
(2217, 1, 5, 23.6, '2017-06-04 07:48:00'),
(2218, 2, 1, 101, '2017-06-04 07:48:00'),
(2219, 2, 2, 746, '2017-06-04 07:48:00'),
(2220, 2, 3, 785, '2017-06-04 07:48:00'),
(2221, 2, 4, 1, '2017-06-04 07:48:00'),
(2222, 2, 5, 24.2, '2017-06-04 07:48:00'),
(2223, 1, 1, 4, '2017-06-04 07:50:00'),
(2224, 1, 2, 508, '2017-06-04 07:50:00'),
(2225, 1, 3, 518, '2017-06-04 07:50:00'),
(2226, 1, 4, 0, '2017-06-04 07:50:00'),
(2227, 1, 5, 23.6, '2017-06-04 07:50:00'),
(2228, 2, 1, 111, '2017-06-04 07:50:00'),
(2229, 2, 2, 751, '2017-06-04 07:50:00'),
(2230, 2, 3, 784, '2017-06-04 07:50:00'),
(2231, 2, 4, 1, '2017-06-04 07:50:00'),
(2232, 2, 5, 24.3, '2017-06-04 07:50:00'),
(2233, 1, 1, 0, '2017-06-04 08:34:00'),
(2234, 1, 2, 441, '2017-06-04 08:34:00'),
(2235, 1, 3, 444, '2017-06-04 08:34:00'),
(2236, 1, 4, 1, '2017-06-04 08:34:00'),
(2237, 1, 5, 23.8, '2017-06-04 08:34:00'),
(2238, 2, 1, 80, '2017-06-04 08:34:00'),
(2239, 2, 2, 719, '2017-06-04 08:34:00'),
(2240, 2, 3, 183, '2017-06-04 08:34:00'),
(2241, 2, 4, 1, '2017-06-04 08:34:00'),
(2242, 2, 5, 23.7, '2017-06-04 08:34:00'),
(2243, 1, 1, 1, '2017-06-04 08:36:01'),
(2244, 1, 2, 442, '2017-06-04 08:36:01'),
(2245, 1, 3, 440, '2017-06-04 08:36:01'),
(2246, 1, 4, 1, '2017-06-04 08:36:01'),
(2247, 1, 5, 23.8, '2017-06-04 08:36:01'),
(2248, 2, 1, 84, '2017-06-04 08:36:01'),
(2249, 2, 2, 726, '2017-06-04 08:36:01'),
(2250, 2, 3, 192, '2017-06-04 08:36:01'),
(2251, 2, 4, 1, '2017-06-04 08:36:01'),
(2252, 2, 5, 23.6, '2017-06-04 08:36:01'),
(2253, 1, 1, 1, '2017-06-04 08:38:01'),
(2254, 1, 2, 439, '2017-06-04 08:38:01'),
(2255, 1, 3, 439, '2017-06-04 08:38:01'),
(2256, 1, 4, 1, '2017-06-04 08:38:01'),
(2257, 1, 5, 23.8, '2017-06-04 08:38:01'),
(2258, 2, 1, 87, '2017-06-04 08:38:01'),
(2259, 2, 2, 729, '2017-06-04 08:38:01'),
(2260, 2, 3, 178, '2017-06-04 08:38:01'),
(2261, 2, 4, 1, '2017-06-04 08:38:01'),
(2262, 2, 5, 23.6, '2017-06-04 08:38:01'),
(2263, 1, 1, 0, '2017-06-04 08:40:01'),
(2264, 1, 2, 430, '2017-06-04 08:40:01'),
(2265, 1, 3, 440, '2017-06-04 08:40:01'),
(2266, 1, 4, 1, '2017-06-04 08:40:01'),
(2267, 1, 5, 24, '2017-06-04 08:40:01'),
(2268, 2, 1, 87, '2017-06-04 08:40:01'),
(2269, 2, 2, 746, '2017-06-04 08:40:01'),
(2270, 2, 3, 276, '2017-06-04 08:40:01'),
(2271, 2, 4, 0, '2017-06-04 08:40:01'),
(2272, 2, 5, 23.7, '2017-06-04 08:40:01'),
(2273, 1, 1, 0, '2017-06-04 08:42:00'),
(2274, 1, 2, 428, '2017-06-04 08:42:00'),
(2275, 1, 3, 438, '2017-06-04 08:42:00'),
(2276, 1, 4, 1, '2017-06-04 08:42:00'),
(2277, 1, 5, 24.1, '2017-06-04 08:42:00'),
(2278, 2, 1, 90, '2017-06-04 08:42:00'),
(2279, 2, 2, 736, '2017-06-04 08:42:00'),
(2280, 2, 3, 272, '2017-06-04 08:42:00'),
(2281, 2, 4, 1, '2017-06-04 08:42:00'),
(2282, 2, 5, 23.9, '2017-06-04 08:42:00'),
(2283, 1, 1, 0, '2017-06-04 08:44:00'),
(2284, 1, 2, 421, '2017-06-04 08:44:00'),
(2285, 1, 3, 437, '2017-06-04 08:44:00'),
(2286, 1, 4, 1, '2017-06-04 08:44:00'),
(2287, 1, 5, 24.3, '2017-06-04 08:44:00'),
(2288, 2, 1, 83, '2017-06-04 08:44:00'),
(2289, 2, 2, 731, '2017-06-04 08:44:00'),
(2290, 2, 3, 267, '2017-06-04 08:44:00'),
(2291, 2, 4, 1, '2017-06-04 08:44:00'),
(2292, 2, 5, 24.1, '2017-06-04 08:44:00'),
(2293, 1, 1, 0, '2017-06-04 08:46:00'),
(2294, 1, 2, 406, '2017-06-04 08:46:00'),
(2295, 1, 3, 427, '2017-06-04 08:46:00'),
(2296, 1, 4, 1, '2017-06-04 08:46:00'),
(2297, 1, 5, 24.5, '2017-06-04 08:46:00'),
(2298, 2, 1, 86, '2017-06-04 08:46:00'),
(2299, 2, 2, 731, '2017-06-04 08:46:00'),
(2300, 2, 3, 262, '2017-06-04 08:46:00'),
(2301, 2, 4, 1, '2017-06-04 08:46:00'),
(2302, 2, 5, 24.2, '2017-06-04 08:46:00'),
(2303, 1, 1, 1, '2017-06-04 08:48:01'),
(2304, 1, 2, 392, '2017-06-04 08:48:01'),
(2305, 1, 3, 422, '2017-06-04 08:48:01'),
(2306, 1, 4, 1, '2017-06-04 08:48:01'),
(2307, 1, 5, 24.5, '2017-06-04 08:48:01'),
(2308, 2, 1, 90, '2017-06-04 08:48:01'),
(2309, 2, 2, 726, '2017-06-04 08:48:01'),
(2310, 2, 3, 245, '2017-06-04 08:48:01'),
(2311, 2, 4, 1, '2017-06-04 08:48:01'),
(2312, 2, 5, 24.2, '2017-06-04 08:48:01'),
(2313, 1, 1, 0, '2017-06-04 08:50:01'),
(2314, 1, 2, 381, '2017-06-04 08:50:01'),
(2315, 1, 3, 413, '2017-06-04 08:50:01'),
(2316, 1, 4, 1, '2017-06-04 08:50:01'),
(2317, 1, 5, 24.3, '2017-06-04 08:50:01'),
(2318, 2, 1, 88, '2017-06-04 08:50:01'),
(2319, 2, 2, 736, '2017-06-04 08:50:01'),
(2320, 2, 3, 279, '2017-06-04 08:50:01'),
(2321, 2, 4, 1, '2017-06-04 08:50:01'),
(2322, 2, 5, 23.9, '2017-06-04 08:50:01'),
(2323, 1, 1, 0, '2017-06-04 08:52:01'),
(2324, 1, 2, 373, '2017-06-04 08:52:01'),
(2325, 1, 3, 419, '2017-06-04 08:52:01'),
(2326, 1, 4, 1, '2017-06-04 08:52:01'),
(2327, 1, 5, 24, '2017-06-04 08:52:01'),
(2328, 2, 1, 84, '2017-06-04 08:52:01'),
(2329, 2, 2, 725, '2017-06-04 08:52:01'),
(2330, 2, 3, 273, '2017-06-04 08:52:01'),
(2331, 2, 4, 1, '2017-06-04 08:52:01'),
(2332, 2, 5, 23.6, '2017-06-04 08:52:01'),
(2333, 1, 1, 0, '2017-06-04 08:54:01'),
(2334, 1, 2, 389, '2017-06-04 08:54:01'),
(2335, 1, 3, 424, '2017-06-04 08:54:01'),
(2336, 1, 4, 0, '2017-06-04 08:54:01'),
(2337, 1, 5, 23.9, '2017-06-04 08:54:01'),
(2338, 2, 1, 84, '2017-06-04 08:54:01'),
(2339, 2, 2, 733, '2017-06-04 08:54:01'),
(2340, 2, 3, 273, '2017-06-04 08:54:01'),
(2341, 2, 4, 1, '2017-06-04 08:54:01'),
(2342, 2, 5, 23.5, '2017-06-04 08:54:01'),
(2343, 1, 1, 0, '2017-06-04 08:56:01'),
(2344, 1, 2, 386, '2017-06-04 08:56:01'),
(2345, 1, 3, 429, '2017-06-04 08:56:01'),
(2346, 1, 4, 1, '2017-06-04 08:56:01'),
(2347, 1, 5, 23.9, '2017-06-04 08:56:01'),
(2348, 2, 1, 82, '2017-06-04 08:56:01'),
(2349, 2, 2, 729, '2017-06-04 08:56:01'),
(2350, 2, 3, 276, '2017-06-04 08:56:01'),
(2351, 2, 4, 1, '2017-06-04 08:56:01'),
(2352, 2, 5, 23.7, '2017-06-04 08:56:01'),
(2353, 1, 1, 1, '2017-06-04 08:58:00'),
(2354, 1, 2, 381, '2017-06-04 08:58:00'),
(2355, 1, 3, 430, '2017-06-04 08:58:00'),
(2356, 1, 4, 1, '2017-06-04 08:58:00'),
(2357, 1, 5, 24.1, '2017-06-04 08:58:00'),
(2358, 2, 1, 98, '2017-06-04 08:58:00'),
(2359, 2, 2, 728, '2017-06-04 08:58:00'),
(2360, 2, 3, 177, '2017-06-04 08:58:00'),
(2361, 2, 4, 1, '2017-06-04 08:58:00'),
(2362, 2, 5, 23.8, '2017-06-04 08:58:00'),
(2363, 1, 1, 1, '2017-06-04 09:00:01'),
(2364, 1, 2, 381, '2017-06-04 09:00:01'),
(2365, 1, 3, 437, '2017-06-04 09:00:01'),
(2366, 1, 4, 0, '2017-06-04 09:00:01'),
(2367, 1, 5, 24.3, '2017-06-04 09:00:01'),
(2368, 2, 1, 95, '2017-06-04 09:00:01'),
(2369, 2, 2, 716, '2017-06-04 09:00:01'),
(2370, 2, 3, 174, '2017-06-04 09:00:01'),
(2371, 2, 4, 1, '2017-06-04 09:00:01'),
(2372, 2, 5, 24.1, '2017-06-04 09:00:01'),
(2373, 1, 1, 3, '2017-06-04 10:38:11'),
(2374, 1, 2, 540, '2017-06-04 10:38:11'),
(2375, 1, 3, 637, '2017-06-04 10:38:11'),
(2376, 1, 4, 0, '2017-06-04 10:38:11'),
(2377, 1, 5, 23.3, '2017-06-04 10:38:11'),
(2378, 2, 1, 48, '2017-06-04 10:38:11'),
(2379, 2, 2, 763, '2017-06-04 10:38:11'),
(2380, 2, 3, 194, '2017-06-04 10:38:11'),
(2381, 2, 4, 1, '2017-06-04 10:38:11'),
(2382, 2, 5, 22.9, '2017-06-04 10:38:11'),
(2383, 1, 1, 3, '2017-06-04 10:40:55'),
(2384, 1, 2, 966, '2017-06-04 10:40:55'),
(2385, 1, 3, 551, '2017-06-04 10:40:56'),
(2386, 1, 4, 1, '2017-06-04 10:40:56'),
(2387, 1, 5, 23.2, '2017-06-04 10:40:56'),
(2388, 2, 1, 102, '2017-06-04 10:40:56'),
(2389, 2, 2, 758, '2017-06-04 10:40:56'),
(2390, 2, 3, 214, '2017-06-04 10:40:56'),
(2391, 2, 4, 1, '2017-06-04 10:40:56'),
(2392, 2, 5, 22.7, '2017-06-04 10:40:56'),
(2393, 1, 1, 0, '2017-06-04 10:43:33'),
(2394, 1, 2, 652, '2017-06-04 10:43:33'),
(2395, 1, 3, 520, '2017-06-04 10:43:33'),
(2396, 1, 4, 1, '2017-06-04 10:43:33'),
(2397, 1, 5, 23.1, '2017-06-04 10:43:33'),
(2398, 2, 1, 98, '2017-06-04 10:43:33'),
(2399, 2, 2, 779, '2017-06-04 10:43:33'),
(2400, 2, 3, 241, '2017-06-04 10:43:33'),
(2401, 2, 4, 1, '2017-06-04 10:43:33'),
(2402, 2, 5, 22.6, '2017-06-04 10:43:33'),
(2403, 1, 1, 1, '2017-06-04 10:46:01'),
(2404, 1, 2, 570, '2017-06-04 10:46:01'),
(2405, 1, 3, 515, '2017-06-04 10:46:01'),
(2406, 1, 4, 1, '2017-06-04 10:46:01'),
(2407, 1, 5, 23.1, '2017-06-04 10:46:01'),
(2408, 2, 1, 89, '2017-06-04 10:46:01'),
(2409, 2, 2, 784, '2017-06-04 10:46:01'),
(2410, 2, 3, 207, '2017-06-04 10:46:01'),
(2411, 2, 4, 0, '2017-06-04 10:46:01'),
(2412, 2, 5, 22.3, '2017-06-04 10:46:01'),
(2413, 1, 1, 2, '2017-06-04 10:48:01'),
(2414, 1, 2, 541, '2017-06-04 10:48:01'),
(2415, 1, 3, 509, '2017-06-04 10:48:01'),
(2416, 1, 4, 0, '2017-06-04 10:48:01'),
(2417, 1, 5, 23.1, '2017-06-04 10:48:01'),
(2418, 2, 1, 88, '2017-06-04 10:48:01'),
(2419, 2, 2, 771, '2017-06-04 10:48:01'),
(2420, 2, 3, 252, '2017-06-04 10:48:01'),
(2421, 2, 4, 1, '2017-06-04 10:48:01'),
(2422, 2, 5, 22.4, '2017-06-04 10:48:01'),
(2423, 1, 1, 2, '2017-06-04 10:50:01'),
(2424, 1, 2, 516, '2017-06-04 10:50:01'),
(2425, 1, 3, 511, '2017-06-04 10:50:01'),
(2426, 1, 4, 1, '2017-06-04 10:50:01'),
(2427, 1, 5, 23.3, '2017-06-04 10:50:01'),
(2428, 2, 1, 102, '2017-06-04 10:50:01'),
(2429, 2, 2, 787, '2017-06-04 10:50:01'),
(2430, 2, 3, 252, '2017-06-04 10:50:01'),
(2431, 2, 4, 0, '2017-06-04 10:50:01'),
(2432, 2, 5, 22.5, '2017-06-04 10:50:01'),
(2433, 1, 1, 2, '2017-06-04 10:52:00'),
(2434, 1, 2, 491, '2017-06-04 10:52:00'),
(2435, 1, 3, 499, '2017-06-04 10:52:00'),
(2436, 1, 4, 1, '2017-06-04 10:52:00'),
(2437, 1, 5, 23.3, '2017-06-04 10:52:00'),
(2438, 2, 1, 97, '2017-06-04 10:52:01'),
(2439, 2, 2, 780, '2017-06-04 10:52:01'),
(2440, 2, 3, 213, '2017-06-04 10:52:01'),
(2441, 2, 4, 0, '2017-06-04 10:52:01'),
(2442, 2, 5, 22.7, '2017-06-04 10:52:01'),
(2443, 1, 1, 0, '2017-06-04 10:54:00'),
(2444, 1, 2, 473, '2017-06-04 10:54:00'),
(2445, 1, 3, 488, '2017-06-04 10:54:00'),
(2446, 1, 4, 1, '2017-06-04 10:54:00'),
(2447, 1, 5, 23.3, '2017-06-04 10:54:00'),
(2448, 2, 1, 85, '2017-06-04 10:54:00'),
(2449, 2, 2, 770, '2017-06-04 10:54:00'),
(2450, 2, 3, 231, '2017-06-04 10:54:00'),
(2451, 2, 4, 1, '2017-06-04 10:54:00'),
(2452, 2, 5, 22.7, '2017-06-04 10:54:00'),
(2453, 1, 1, 2, '2017-06-04 10:56:00'),
(2454, 1, 2, 456, '2017-06-04 10:56:00'),
(2455, 1, 3, 482, '2017-06-04 10:56:00'),
(2456, 1, 4, 1, '2017-06-04 10:56:00'),
(2457, 1, 5, 23.1, '2017-06-04 10:56:00'),
(2458, 2, 1, 90, '2017-06-04 10:56:00'),
(2459, 2, 2, 769, '2017-06-04 10:56:00'),
(2460, 2, 3, 240, '2017-06-04 10:56:00'),
(2461, 2, 4, 1, '2017-06-04 10:56:00'),
(2462, 2, 5, 22.5, '2017-06-04 10:56:00'),
(2463, 1, 1, 0, '2017-06-04 10:58:01'),
(2464, 1, 2, 448, '2017-06-04 10:58:01'),
(2465, 1, 3, 487, '2017-06-04 10:58:01'),
(2466, 1, 4, 1, '2017-06-04 10:58:01'),
(2467, 1, 5, 22.9, '2017-06-04 10:58:01'),
(2468, 2, 1, 88, '2017-06-04 10:58:01'),
(2469, 2, 2, 760, '2017-06-04 10:58:01'),
(2470, 2, 3, 254, '2017-06-04 10:58:01'),
(2471, 2, 4, 1, '2017-06-04 10:58:01'),
(2472, 2, 5, 22.2, '2017-06-04 10:58:01'),
(2473, 1, 1, 0, '2017-06-04 11:00:01'),
(2474, 1, 2, 451, '2017-06-04 11:00:01'),
(2475, 1, 3, 496, '2017-06-04 11:00:01'),
(2476, 1, 4, 0, '2017-06-04 11:00:01'),
(2477, 1, 5, 22.8, '2017-06-04 11:00:01'),
(2478, 2, 1, 92, '2017-06-04 11:00:01'),
(2479, 2, 2, 783, '2017-06-04 11:00:01'),
(2480, 2, 3, 258, '2017-06-04 11:00:01'),
(2481, 2, 4, 1, '2017-06-04 11:00:01'),
(2482, 2, 5, 22.2, '2017-06-04 11:00:01'),
(2483, 1, 1, 1, '2017-06-04 11:02:01'),
(2484, 1, 2, 481, '2017-06-04 11:02:01'),
(2485, 1, 3, 538, '2017-06-04 11:02:01'),
(2486, 1, 4, 1, '2017-06-04 11:02:01'),
(2487, 1, 5, 23, '2017-06-04 11:02:01'),
(2488, 2, 1, 92, '2017-06-04 11:02:01'),
(2489, 2, 2, 808, '2017-06-04 11:02:01'),
(2490, 2, 3, 216, '2017-06-04 11:02:02'),
(2491, 2, 4, 1, '2017-06-04 11:02:02'),
(2492, 2, 5, 22.3, '2017-06-04 11:02:02'),
(2493, 1, 1, 2, '2017-06-04 11:04:00'),
(2494, 1, 2, 464, '2017-06-04 11:04:00'),
(2495, 1, 3, 527, '2017-06-04 11:04:00'),
(2496, 1, 4, 1, '2017-06-04 11:04:00'),
(2497, 1, 5, 23.1, '2017-06-04 11:04:00'),
(2498, 2, 1, 86, '2017-06-04 11:04:00'),
(2499, 2, 2, 794, '2017-06-04 11:04:00'),
(2500, 2, 3, 257, '2017-06-04 11:04:00'),
(2501, 2, 4, 0, '2017-06-04 11:04:00'),
(2502, 2, 5, 22.6, '2017-06-04 11:04:00'),
(2503, 1, 1, 1, '2017-06-04 11:06:00'),
(2504, 1, 2, 451, '2017-06-04 11:06:00'),
(2505, 1, 3, 518, '2017-06-04 11:06:00'),
(2506, 1, 4, 1, '2017-06-04 11:06:00'),
(2507, 1, 5, 23.4, '2017-06-04 11:06:00'),
(2508, 2, 1, 87, '2017-06-04 11:06:00'),
(2509, 2, 2, 781, '2017-06-04 11:06:00'),
(2510, 2, 3, 206, '2017-06-04 11:06:00'),
(2511, 2, 4, 1, '2017-06-04 11:06:00'),
(2512, 2, 5, 22.9, '2017-06-04 11:06:00'),
(2513, 1, 1, 2, '2017-06-04 11:08:01'),
(2514, 1, 2, 438, '2017-06-04 11:08:01'),
(2515, 1, 3, 510, '2017-06-04 11:08:01'),
(2516, 1, 4, 0, '2017-06-04 11:08:01'),
(2517, 1, 5, 23.5, '2017-06-04 11:08:01'),
(2518, 2, 1, 91, '2017-06-04 11:08:01'),
(2519, 2, 2, 783, '2017-06-04 11:08:01'),
(2520, 2, 3, 250, '2017-06-04 11:08:01'),
(2521, 2, 4, 1, '2017-06-04 11:08:01'),
(2522, 2, 5, 22.9, '2017-06-04 11:08:01'),
(2523, 1, 1, 2, '2017-06-04 11:10:01'),
(2524, 1, 2, 429, '2017-06-04 11:10:01'),
(2525, 1, 3, 505, '2017-06-04 11:10:01'),
(2526, 1, 4, 1, '2017-06-04 11:10:01'),
(2527, 1, 5, 23.4, '2017-06-04 11:10:01'),
(2528, 2, 1, 102, '2017-06-04 11:10:01'),
(2529, 2, 2, 790, '2017-06-04 11:10:01'),
(2530, 2, 3, 230, '2017-06-04 11:10:01'),
(2531, 2, 4, 0, '2017-06-04 11:10:01'),
(2532, 2, 5, 22.7, '2017-06-04 11:10:01'),
(2533, 1, 1, 0, '2017-06-04 11:12:01'),
(2534, 1, 2, 421, '2017-06-04 11:12:01'),
(2535, 1, 3, 501, '2017-06-04 11:12:01'),
(2536, 1, 4, 1, '2017-06-04 11:12:01'),
(2537, 1, 5, 23.2, '2017-06-04 11:12:01'),
(2538, 2, 1, 97, '2017-06-04 11:12:01'),
(2539, 2, 2, 785, '2017-06-04 11:12:01'),
(2540, 2, 3, 252, '2017-06-04 11:12:01'),
(2541, 2, 4, 1, '2017-06-04 11:12:01'),
(2542, 2, 5, 22.5, '2017-06-04 11:12:01'),
(2543, 1, 1, 2, '2017-06-04 11:14:00'),
(2544, 1, 2, 419, '2017-06-04 11:14:00'),
(2545, 1, 3, 504, '2017-06-04 11:14:00'),
(2546, 1, 4, 0, '2017-06-04 11:14:00'),
(2547, 1, 5, 23.1, '2017-06-04 11:14:00'),
(2548, 2, 1, 95, '2017-06-04 11:14:00'),
(2549, 2, 2, 784, '2017-06-04 11:14:00'),
(2550, 2, 3, 258, '2017-06-04 11:14:00'),
(2551, 2, 4, 1, '2017-06-04 11:14:00'),
(2552, 2, 5, 22.3, '2017-06-04 11:14:00'),
(2553, 1, 1, 0, '2017-06-04 11:16:00'),
(2554, 1, 2, 416, '2017-06-04 11:16:00'),
(2555, 1, 3, 507, '2017-06-04 11:16:00'),
(2556, 1, 4, 1, '2017-06-04 11:16:00'),
(2557, 1, 5, 23, '2017-06-04 11:16:00'),
(2558, 2, 1, 95, '2017-06-04 11:16:00'),
(2559, 2, 2, 787, '2017-06-04 11:16:00'),
(2560, 2, 3, 248, '2017-06-04 11:16:00'),
(2561, 2, 4, 0, '2017-06-04 11:16:00'),
(2562, 2, 5, 22.3, '2017-06-04 11:16:00'),
(2563, 1, 1, 1, '2017-06-04 11:18:00'),
(2564, 1, 2, 414, '2017-06-04 11:18:00'),
(2565, 1, 3, 512, '2017-06-04 11:18:00'),
(2566, 1, 4, 0, '2017-06-04 11:18:00'),
(2567, 1, 5, 23, '2017-06-04 11:18:00'),
(2568, 2, 1, 93, '2017-06-04 11:18:00'),
(2569, 2, 2, 787, '2017-06-04 11:18:00'),
(2570, 2, 3, 243, '2017-06-04 11:18:00'),
(2571, 2, 4, 1, '2017-06-04 11:18:00'),
(2572, 2, 5, 22.4, '2017-06-04 11:18:00'),
(2573, 1, 1, 2, '2017-06-04 11:20:00'),
(2574, 1, 2, 416, '2017-06-04 11:20:00'),
(2575, 1, 3, 510, '2017-06-04 11:20:00'),
(2576, 1, 4, 0, '2017-06-04 11:20:00'),
(2577, 1, 5, 23.2, '2017-06-04 11:20:00'),
(2578, 2, 1, 91, '2017-06-04 11:20:00'),
(2579, 2, 2, 789, '2017-06-04 11:20:00'),
(2580, 2, 3, 209, '2017-06-04 11:20:00'),
(2581, 2, 4, 1, '2017-06-04 11:20:00'),
(2582, 2, 5, 22.6, '2017-06-04 11:20:00'),
(2583, 1, 1, 0, '2017-06-04 11:20:34'),
(2584, 1, 2, 995, '2017-06-04 11:20:34'),
(2585, 1, 3, 516, '2017-06-04 11:20:36'),
(2586, 1, 4, 1, '2017-06-04 11:20:36'),
(2587, 1, 5, 23.4, '2017-06-04 11:20:36'),
(2588, 2, 1, 91, '2017-06-04 11:20:36'),
(2589, 2, 2, 789, '2017-06-04 11:20:36'),
(2590, 2, 3, 239, '2017-06-04 11:20:36'),
(2591, 2, 4, 1, '2017-06-04 11:20:36'),
(2592, 2, 5, 22.8, '2017-06-04 11:20:36'),
(2593, 1, 1, 1, '2017-06-04 11:22:01'),
(2594, 1, 2, 810, '2017-06-04 11:22:01'),
(2595, 1, 3, 512, '2017-06-04 11:22:03'),
(2596, 1, 4, 1, '2017-06-04 11:22:03'),
(2597, 1, 5, 23.4, '2017-06-04 11:22:03'),
(2598, 2, 1, 95, '2017-06-04 11:22:03'),
(2599, 2, 2, 785, '2017-06-04 11:22:03'),
(2600, 2, 3, 214, '2017-06-04 11:22:03'),
(2601, 2, 4, 1, '2017-06-04 11:22:03'),
(2602, 2, 5, 22.9, '2017-06-04 11:22:03'),
(2603, 1, 1, 0, '2017-06-04 11:24:01'),
(2604, 1, 2, 686, '2017-06-04 11:24:01'),
(2605, 1, 3, 508, '2017-06-04 11:24:01'),
(2606, 1, 4, 0, '2017-06-04 11:24:01'),
(2607, 1, 5, 23.5, '2017-06-04 11:24:01'),
(2608, 2, 1, 94, '2017-06-04 11:24:01'),
(2609, 2, 2, 780, '2017-06-04 11:24:01'),
(2610, 2, 3, 252, '2017-06-04 11:24:01'),
(2611, 2, 4, 1, '2017-06-04 11:24:01'),
(2612, 2, 5, 22.9, '2017-06-04 11:24:01'),
(2613, 1, 1, 1, '2017-06-04 11:26:01'),
(2614, 1, 2, 621, '2017-06-04 11:26:01'),
(2615, 1, 3, 503, '2017-06-04 11:26:01'),
(2616, 1, 4, 1, '2017-06-04 11:26:01'),
(2617, 1, 5, 23.4, '2017-06-04 11:26:01'),
(2618, 2, 1, 89, '2017-06-04 11:26:01'),
(2619, 2, 2, 773, '2017-06-04 11:26:01'),
(2620, 2, 3, 215, '2017-06-04 11:26:01'),
(2621, 2, 4, 0, '2017-06-04 11:26:01'),
(2622, 2, 5, 22.8, '2017-06-04 11:26:01'),
(2623, 1, 1, 1, '2017-06-04 11:28:01'),
(2624, 1, 2, 581, '2017-06-04 11:28:01'),
(2625, 1, 3, 500, '2017-06-04 11:28:01'),
(2626, 1, 4, 0, '2017-06-04 11:28:01'),
(2627, 1, 5, 23.2, '2017-06-04 11:28:01'),
(2628, 2, 1, 90, '2017-06-04 11:28:01'),
(2629, 2, 2, 775, '2017-06-04 11:28:01'),
(2630, 2, 3, 220, '2017-06-04 11:28:01'),
(2631, 2, 4, 1, '2017-06-04 11:28:01'),
(2632, 2, 5, 22.5, '2017-06-04 11:28:01');

-- --------------------------------------------------------

--
-- Table structure for table `sensor_types`
--

CREATE TABLE `sensor_types` (
  `sensor_type_id` int(11) NOT NULL,
  `sensor_name` varchar(50) NOT NULL
) ENGINE=InnoDB DEFAULT CHARSET=latin1;

--
-- Dumping data for table `sensor_types`
--

INSERT INTO `sensor_types` (`sensor_type_id`, `sensor_name`) VALUES
(1, 'flame'),
(2, 'gas'),
(4, 'motion'),
(3, 'smoke'),
(5, 'temprature');

-- --------------------------------------------------------

--
-- Table structure for table `units`
--

CREATE TABLE `units` (
  `unit_id` int(11) NOT NULL,
  `sensor_type_id` int(11) NOT NULL,
  `is_silenced` tinyint(1) NOT NULL
) ENGINE=InnoDB DEFAULT CHARSET=latin1;

--
-- Dumping data for table `units`
--

INSERT INTO `units` (`unit_id`, `sensor_type_id`, `is_silenced`) VALUES
(1, 1, 1),
(1, 2, 0),
(1, 3, 0),
(1, 4, 0),
(1, 5, 0),
(2, 1, 0),
(2, 2, 0),
(2, 3, 1),
(2, 4, 0),
(2, 5, 1);

-- --------------------------------------------------------

--
-- Table structure for table `users`
--

CREATE TABLE `users` (
  `user_id` int(11) NOT NULL,
  `user_name` varchar(30) NOT NULL,
  `password` varchar(50) NOT NULL,
  `user_type` int(11) NOT NULL,
  `f_name` varchar(50) NOT NULL,
  `l_name` varchar(50) NOT NULL,
  `Phone` varchar(15) NOT NULL,
  `email` varchar(100) NOT NULL
) ENGINE=InnoDB DEFAULT CHARSET=latin1;

--
-- Dumping data for table `users`
--

INSERT INTO `users` (`user_id`, `user_name`, `password`, `user_type`, `f_name`, `l_name`, `Phone`, `email`) VALUES
(1, 'admin', 'canaritgfd', 21, 'israel', 'israeli', '524444475', 'israelcanarit@gmail.com'),
(2, 'fire_officer', '54321', 22, 'ariel', 'sasy', '52224475', 'fire_officer@fire.com'),
(3, 'fire_dep', '98765', 23, 'samy', 'hakabay', '102102102', 'fire@102.com'),
(4, 'alice', 'bob', 24, 'alice', 'bobo', '987654321', 'difi@helman.com'),
(5, 'Head', 'AISEC', 24, 'nurit', 'galron', '016556546', 'nurit@stam.com'),
(10, 'fire', 'fire', 23, 'shlomi', 'shulam', '5753474798', 'canarit.gfd@gmail.com');

-- --------------------------------------------------------

--
-- Table structure for table `user_types`
--

CREATE TABLE `user_types` (
  `type_id` int(11) NOT NULL,
  `type_name` varchar(50) NOT NULL
) ENGINE=InnoDB DEFAULT CHARSET=latin1;

--
-- Dumping data for table `user_types`
--

INSERT INTO `user_types` (`type_id`, `type_name`) VALUES
(21, 'administrator'),
(22, 'local fire department'),
(23, 'fire fighters'),
(24, 'end user');

--
-- Indexes for dumped tables
--

--
-- Indexes for table `houses`
--
ALTER TABLE `houses`
  ADD PRIMARY KEY (`family_id`),
  ADD UNIQUE KEY `family_id` (`family_id`),
  ADD KEY `end_user_id` (`end_user_id`),
  ADD KEY `unit_id` (`unit_id`);

--
-- Indexes for table `hubs`
--
ALTER TABLE `hubs`
  ADD PRIMARY KEY (`hub_id`,`units_id`),
  ADD KEY `units_id` (`units_id`);

--
-- Indexes for table `permissions`
--
ALTER TABLE `permissions`
  ADD KEY `user_type` (`user_type`);

--
-- Indexes for table `sensor_data`
--
ALTER TABLE `sensor_data`
  ADD PRIMARY KEY (`id`),
  ADD KEY `sensor_type` (`sensor_type`),
  ADD KEY `time_stamp` (`time_stamp`);

--
-- Indexes for table `sensor_types`
--
ALTER TABLE `sensor_types`
  ADD PRIMARY KEY (`sensor_type_id`),
  ADD UNIQUE KEY `sensor_type_id` (`sensor_type_id`),
  ADD UNIQUE KEY `sensor_name` (`sensor_name`);

--
-- Indexes for table `units`
--
ALTER TABLE `units`
  ADD PRIMARY KEY (`unit_id`,`sensor_type_id`),
  ADD KEY `sensor_type_id` (`sensor_type_id`);

--
-- Indexes for table `users`
--
ALTER TABLE `users`
  ADD PRIMARY KEY (`user_id`),
  ADD KEY `user_type` (`user_type`);

--
-- Indexes for table `user_types`
--
ALTER TABLE `user_types`
  ADD PRIMARY KEY (`type_id`),
  ADD UNIQUE KEY `type_id` (`type_id`);

--
-- AUTO_INCREMENT for dumped tables
--

--
-- AUTO_INCREMENT for table `houses`
--
ALTER TABLE `houses`
  MODIFY `family_id` int(11) NOT NULL AUTO_INCREMENT, AUTO_INCREMENT=3;
--
-- AUTO_INCREMENT for table `sensor_data`
--
ALTER TABLE `sensor_data`
  MODIFY `id` int(11) NOT NULL AUTO_INCREMENT, AUTO_INCREMENT=2633;
--
-- AUTO_INCREMENT for table `sensor_types`
--
ALTER TABLE `sensor_types`
  MODIFY `sensor_type_id` int(11) NOT NULL AUTO_INCREMENT, AUTO_INCREMENT=6;
--
-- AUTO_INCREMENT for table `users`
--
ALTER TABLE `users`
  MODIFY `user_id` int(11) NOT NULL AUTO_INCREMENT, AUTO_INCREMENT=14;
--
-- AUTO_INCREMENT for table `user_types`
--
ALTER TABLE `user_types`
  MODIFY `type_id` int(11) NOT NULL AUTO_INCREMENT, AUTO_INCREMENT=25;
--
-- Constraints for dumped tables
--

--
-- Constraints for table `houses`
--
ALTER TABLE `houses`
  ADD CONSTRAINT `houses_ibfk_1` FOREIGN KEY (`end_user_id`) REFERENCES `users` (`user_id`),
  ADD CONSTRAINT `houses_ibfk_2` FOREIGN KEY (`unit_id`) REFERENCES `hubs` (`units_id`);

--
-- Constraints for table `hubs`
--
ALTER TABLE `hubs`
  ADD CONSTRAINT `hubs_ibfk_1` FOREIGN KEY (`units_id`) REFERENCES `units` (`unit_id`);

--
-- Constraints for table `permissions`
--
ALTER TABLE `permissions`
  ADD CONSTRAINT `permissions_ibfk_1` FOREIGN KEY (`user_type`) REFERENCES `user_types` (`type_id`);

--
-- Constraints for table `sensor_data`
--
ALTER TABLE `sensor_data`
  ADD CONSTRAINT `sensor_data_ibfk_2` FOREIGN KEY (`sensor_type`) REFERENCES `sensor_types` (`sensor_type_id`);

--
-- Constraints for table `units`
--
ALTER TABLE `units`
  ADD CONSTRAINT `units_ibfk_1` FOREIGN KEY (`sensor_type_id`) REFERENCES `sensor_types` (`sensor_type_id`);

--
-- Constraints for table `users`
--
ALTER TABLE `users`
  ADD CONSTRAINT `users_ibfk_1` FOREIGN KEY (`user_type`) REFERENCES `user_types` (`type_id`);

/*!40101 SET CHARACTER_SET_CLIENT=@OLD_CHARACTER_SET_CLIENT */;
/*!40101 SET CHARACTER_SET_RESULTS=@OLD_CHARACTER_SET_RESULTS */;
/*!40101 SET COLLATION_CONNECTION=@OLD_COLLATION_CONNECTION */;
